id,firstname,lastname,email,gender,contactNum,country,
1,James,Schmitt,swood@hotmail.com,Other,001-965-034-5721,Australia,
2,Dennis,Woods,elijah74@gmail.com,Other,001-557-648-1831x5574,China,
3,Mary,Turner,stacy23@church-woods.com,Other,+1-768-325-8877x6079,China,
4,James,Martin,wrightanita@hotmail.com,Female,001-015-706-1973,Brazil,
5,Alisha,Robertson,david85@payne.info,Female,(317)807-4315x582,UK,
6,Whitney,Jones,lisapalmer@contreras-weiss.com,Male,+1-076-494-4112x3750,China,
7,Andrew,Garcia,jessica95@gmail.com,Other,442.838.1313,Japan,
8,Melissa,Acevedo,kempangelica@hotmail.com,Male,+1-216-190-8692x5986,USA,
9,Marcus,Ortiz,emily14@roberts.com,Other,212.085.0382x8284,USA,
10,Sarah,Roberts,gmiller@smith.com,Other,688-741-9836,Australia,
11,Molly,Jackson,williamsmaria@ward-booth.com,Male,6513951252,Australia,
12,Cheryl,Anderson,yumichael@gmail.com,Male,(460)831-3398,India,
13,Arthur,Garcia,tmccall@johnson.com,Other,-1082,India,
14,Lucas,Donaldson,watsontracy@boyer-hughes.com,Female,(488)910-2950x1970,UK,
15,Jessica,James,thomas03@hotmail.com,Male,130-554-1200x32186,USA,
16,Carol,Duncan,alexandrarobinson@hotmail.com,Other,001-252-620-6809,Canada,
17,Craig,Allen,ashleygutierrez@figueroa.com,Other,448-528-9657,India,
18,Richard,Brown,smithrobert@gmail.com,Female,001-604-164-8502x630,China,
19,Michael,Young,danielmiller@hotmail.com,Female,+1-422-075-9472x805,France,
20,Nicholas,Dickerson,griffintammy@hotmail.com,Female,270.977.0854x4846,France,
21,Ashley,Green,tstevenson@hotmail.com,Other,6680899107,France,
22,Jessica,Francis,davidsonedward@winters-francis.biz,Female,935.256.0264x309,USA,
23,Nathan,Doyle,hlong@price.net,Other,355.666.5555,Australia,
24,Alexandria,Nichols,jamesford@collier.com,Male,+1-968-980-8211x424,USA,
25,Todd,Jones,charlottecampbell@yahoo.com,Female,268.624.1465,India,
26,Jesus,Santos,ewallace@miller.org,Other,001-995-562-6721x7596,Brazil,
27,Edward,Young,jessicagilmore@hotmail.com,Other,462.720.6094,Japan,
28,Shawn,Wilson,brianramos@hotmail.com,Other,6838615365,Germany,
29,Nancy,Romero,rachel81@thompson-harrison.com,Female,001-166-213-5133x72112,Japan,
30,Mary,Mcintyre,lori58@gmail.com,Other,983749386,France,
31,Michael,Webster,mary12@hotmail.com,Female,833.357.9777x15334,India,
32,Richard,Jones,ashleycraig@hotmail.com,Female,875-748-0639x813,China,
33,Justin,Delgado,derrick02@barnes-hicks.com,Male,921.016.7850,France,
34,Andrea,Gonzalez,meyermary@carpenter.com,Other,+1-780-887-8787x135,Canada,
35,Melissa,Gray,frankdaniels@patton-peters.com,Male,(605)975-0854,Canada,
36,Scott,Hunt,melissa23@rivers.biz,Female,(603)056-6841x6674,France,
37,Collin,Bentley,caitlyndaniels@yahoo.com,Male,692.113.8532,Australia,
38,Patricia,Adams,christopher65@hotmail.com,Other,9129029255,India,
39,Marc,Harris,soliscrystal@osborn.com,Other,001-587-327-8054x0753,Brazil,
40,Kevin,Mccarthy,april52@pratt.com,Other,344.538.2052,China,
41,Casey,Coffey,james42@pierce.com,Female,994.257.3865x83312,Australia,
42,Rhonda,Diaz,patrickayala@calhoun.com,Female,999-463-3188x7445,Germany,
43,Sandra,Davis,crossjoseph@hotmail.com,Other,2093768256,India,
44,Calvin,Tanner,jenkinsjoseph@hotmail.com,Male,(342)159-9915x33603,Canada,
45,Victoria,Moore,danielsholly@sanchez-harris.org,Female,-3860,Canada,
46,Brandon,Kim,tylergarcia@escobar.com,Female,001-882-027-0929x93088,China,
47,Gerald,Barton,powelldavid@paul-clarke.info,Male,+1-599-216-1792x87138,China,
48,Megan,Thompson,ucruz@parker.com,Male,939.894.3506,UK,
49,William,Hines,alanbowman@meyer.info,Other,+1-913-852-8834x19124,India,
50,Ashley,Mitchell,vpreston@yahoo.com,Male,741-209-0062x964,UK,
51,Jessica,West,ericksonvictor@collins.info,Other,966-151-6162x0211,China,
52,Scott,Griffin,ballardjane@wilson.net,Female,(705)833-6704x210,USA,
53,Mark,Stanley,igriffith@gmail.com,Male,499.694.2422,UK,
54,Keith,Armstrong,james30@stone-le.com,Female,001-503-005-0678x90217,France,
55,Amy,Odom,richarddelgado@yahoo.com,Other,001-142-046-8266x37469,Japan,
56,Kenneth,Sherman,amberscott@gmail.com,Other,(901)689-4616,Canada,
57,Kevin,Lynch,reginald28@gmail.com,Other,412.122.6337,Brazil,
58,Anthony,Klein,shannon90@gmail.com,Other,550.503.7389,India,
59,Travis,Clark,taylorrebecca@james.com,Other,(543)749-2495x9827,UK,
60,Robin,Robbins,joneskatherine@yahoo.com,Female,(131)648-4386,USA,
61,Jessica,Taylor,zweaver@yahoo.com,Female,136.346.1631x98337,Canada,
62,Glen,Smith,barronmelissa@gmail.com,Male,6819777145,Japan,
63,John,Smith,johnsonjacob@hotmail.com,Other,+1-612-058-4071x5571,China,
64,Dorothy,Torres,obowman@yahoo.com,Other,585-536-3607,Brazil,
65,Jason,Valenzuela,jacqueline04@williams.com,Other,+1-247-748-5406x71470,Australia,
66,Sara,Vaughn,kgraves@jensen.com,Female,150-451-9128x448,Australia,
67,Rebecca,Morris,jeffrey48@burns.com,Other,(236)898-3313,China,
68,Mary,Dixon,jwilliams@yahoo.com,Other,762.304.0349x59433,Australia,
69,Samantha,Vance,gguerra@walker.com,Male,001-979-077-4183x5130,Brazil,
70,Michael,Salazar,chrisholmes@anthony.com,Female,813-024-7469,USA,
71,Keith,Williams,dgibson@hotmail.com,Female,001-386-771-0542x12647,UK,
72,Alexis,Jones,denise30@yahoo.com,Female,001-471-710-7375x78348,UK,
73,Matthew,Torres,pramirez@yahoo.com,Other,+1-231-128-5872x3548,UK,
74,Joseph,Yu,lloydryan@gmail.com,Male,435-407-6019x96437,Japan,
75,Randall,Jackson,matthewromero@davidson.org,Male,+1-895-073-8540x8231,UK,
76,Scott,Lawrence,robert83@gmail.com,Male,001-037-064-9769,France,
77,James,Gomez,rachel37@gmail.com,Male,635.154.2706,Brazil,
78,Brenda,Young,vhicks@patel-castillo.com,Female,468.855.3479x489,Japan,
79,Bianca,Davis,jeffreydunlap@acosta-moses.org,Female,3958285159,Brazil,
80,Steven,Davis,taylorjames@yahoo.com,Other,+1-673-942-5320x5813,China,
81,Heather,Beck,cmcconnell@yahoo.com,Male,216-213-1175x75950,Japan,
82,Renee,Evans,curtis48@mcdaniel.com,Other,738-756-2860x226,France,
83,Kathleen,Watkins,owenskelli@cole.com,Other,237.416.0859x4059,India,
84,Lisa,Spencer,edwardanderson@chapman.com,Female,-3790,Canada,
85,David,Martinez,frankbreanna@davis-hines.com,Female,001-335-913-4222x780,Canada,
86,Dennis,Carrillo,allisonward@wood.biz,Male,173-591-6457x943,Germany,
87,Travis,Burns,lisa42@cortez.org,Other,001-637-045-4959,France,
88,Angel,Herring,stephenrodriguez@yahoo.com,Male,+1-717-906-4190x1270,UK,
89,Mathew,Fletcher,james99@edwards-price.net,Other,-4789,Germany,
90,Alexis,Lewis,sherijackson@gmail.com,Other,001-727-413-6228x5638,Brazil,
91,Lisa,Bradford,michael65@gmail.com,Male,479-573-1660,Australia,
92,Melvin,Reeves,reesesherry@thomas.com,Female,(313)994-3052,Canada,
93,Kevin,Blackwell,hernandezrobin@yahoo.com,Male,4649774718,Canada,
94,Brian,Wells,sherry26@williams.com,Male,545-029-2726x946,France,
95,Peggy,Smith,edward72@collins.com,Male,504.550.6560,Germany,
96,Lisa,Wilkinson,richard85@gmail.com,Male,390-634-5696,USA,
97,Timothy,Bailey,xgarcia@gmail.com,Male,+1-543-198-6476x6574,Japan,
98,Aaron,Mcmillan,ravenfrederick@gmail.com,Other,(752)534-2728x0800,Australia,
99,James,Weeks,jose50@hunt.biz,Female,+1-115-267-2325x909,Brazil,
100,Megan,Hess,robinturner@lopez.com,Male,001-388-873-5336x4994,Germany,
101,Heather,Payne,john08@gmail.com,Female,2606301701,India,
102,Sydney,Osborn,tracy65@gmail.com,Other,001-082-458-1557x426,Canada,
103,Amy,Ruiz,wilsonmelissa@jones.com,Female,765-957-4493,Australia,
104,Kevin,Brewer,isimon@gmail.com,Female,263-080-5083,France,
105,Victor,Miller,ssteele@butler.info,Male,662.992.7122x1055,Australia,
106,Justin,Rubio,robertsjustin@gmail.com,Male,756.453.8266,India,
107,Mary,Barry,littlesuzanne@hotmail.com,Other,282-555-3224x85704,Brazil,
108,Jaime,Jensen,washingtonsamuel@johnson-copeland.info,Other,059-724-9434x6205,Germany,
109,Martin,Boyle,zhowell@gmail.com,Other,001-619-982-5781x9770,India,
110,Gloria,Clark,brownjacob@juarez.biz,Other,(042)215-3831x59875,Japan,
111,Mark,Clark,sabrina17@yahoo.com,Other,589-360-7858x72618,France,
112,Betty,Carrillo,andreafigueroa@hotmail.com,Other,667.459.3798x99603,UK,
113,Robert,Howard,hintonlauren@hotmail.com,Female,325.363.0368x4722,Canada,
114,Christina,Moore,smithronald@morrison.com,Female,(313)049-8445,India,
115,Leslie,Allen,ashley36@hansen.info,Other,991-911-0585,USA,
116,Jacob,Lopez,jeffreymorris@yahoo.com,Other,615-239-0333x513,Australia,
117,David,Carney,ramseyaustin@hotmail.com,Female,(155)931-7470x468,USA,
118,William,Zhang,nicolepeterson@hotmail.com,Other,001-540-879-7283x24393,France,
119,Lauren,Adams,nicole60@rich-warren.org,Other,(973)170-9189,India,
120,Robert,Roberts,shawkins@yahoo.com,Female,178.016.2030x6005,USA,
121,Tina,Roberts,lawrencejonathan@hotmail.com,Male,001-037-702-8214x90014,France,
122,Paula,Prince,lchavez@gmail.com,Male,331-985-5754x63417,Canada,
123,Jordan,Patterson,anna44@perez.com,Female,195.546.5559x4881,China,
124,Carlos,Lopez,caitlyn75@yahoo.com,Male,(629)031-4039,Brazil,
125,Kelly,Edwards,joshuashelton@yahoo.com,Female,796.757.5716,UK,
126,Andrea,Bowman,gary89@gmail.com,Male,6783645070,India,
127,Danielle,Kent,carpenterjason@gmail.com,Female,669.797.9531x945,USA,
128,Catherine,Rhodes,brian73@browning.info,Male,(254)688-0116x606,Brazil,
129,Javier,Lopez,melaniegonzalez@greer.com,Male,1274013380,Australia,
130,Desiree,Wyatt,tchristensen@king.com,Other,001-220-788-6713x94561,UK,
131,Matthew,Vaughn,dana28@gmail.com,Female,9059567287,Canada,
132,Laura,Ashley,jensenkayla@yahoo.com,Male,001-444-235-9715x5642,Germany,
133,Jesse,Walker,johnstonclayton@lawson-guerrero.info,Male,702.926.5352x106,Canada,
134,Michelle,Nguyen,perryalexis@yahoo.com,Other,(538)909-6355,China,
135,Ashley,Stokes,james74@monroe.biz,Male,395.779.8721x128,USA,
136,Thomas,Pierce,rachael39@reed-white.org,Male,091.116.7051x766,Australia,
137,William,Bryan,perrylinda@yahoo.com,Female,303.272.9455x88029,USA,
138,Rebecca,Jones,alex59@conway-murphy.com,Female,(909)723-4578x603,Germany,
139,Thomas,Dunlap,murphywillie@hill-james.biz,Other,370-315-3999x83416,Australia,
140,Julie,Contreras,salinasanthony@hotmail.com,Male,(517)721-9290,China,
141,Ann,Cabrera,icoleman@yahoo.com,Male,001-041-376-4728,Japan,
142,Dan,Rodgers,todddavis@black.com,Female,+1-839-766-0148x122,USA,
143,Andrea,Strickland,micheal79@yahoo.com,Other,509.288.8948,USA,
144,Kelly,Farrell,marissa28@nicholson.com,Other,8834793641,China,
145,Paula,Parker,richard90@yahoo.com,Female,327.002.3573,Australia,
146,Jason,Robinson,hillrhonda@hotmail.com,Female,001-045-910-5262x329,Brazil,
147,Danielle,Brown,laura47@bradley.com,Female,001-298-958-6769,Germany,
148,Seth,Santos,ian30@bell-porter.com,Female,-5532,Japan,
149,Brady,Burton,fowlerandrew@jennings-roth.com,Female,(865)053-9585,UK,
150,William,Miller,samantha82@yahoo.com,Female,(857)999-3762,Australia,
151,Erica,Arnold,wintersmarie@collins.com,Female,337-998-4952x94495,China,
152,Tyrone,Nguyen,spencer30@yahoo.com,Other,462.408.8394,India,
153,Robin,Harvey,bergerscott@hotmail.com,Female,142.775.4952x901,Germany,
154,Carmen,Cook,joshuahunter@patterson.com,Other,-4370,China,
155,Kelsey,Gray,suzannemorrison@hotmail.com,Other,-4705,USA,
156,Charles,Vega,franklinmoore@yahoo.com,Other,(366)037-0559,USA,
157,James,Powell,robertchan@hotmail.com,Other,(256)961-5994x1379,Australia,
158,John,Mcdonald,deanking@mckee.com,Male,263-036-4869,China,
159,Brian,Hood,andersonjessica@hotmail.com,Other,5249837432,Germany,
160,Wesley,Farrell,pflynn@hotmail.com,Male,012.196.7116x60746,UK,
161,Nicholas,Kim,joshua91@yahoo.com,Male,409-475-0727,Canada,
162,Rodney,Baker,alvareztimothy@gmail.com,Other,885-597-1978,Germany,
163,Jeffrey,Jenkins,harristracy@yahoo.com,Female,001-861-070-2763,China,
164,Tammy,Oconnell,bwebb@gmail.com,Female,741-620-8662x2604,India,
165,James,Wood,vanessa29@arroyo.com,Male,736-381-7579,France,
166,Yesenia,Wolf,alexispeters@yahoo.com,Male,960.783.2213x333,China,
167,Karl,Martin,kelseywatson@gmail.com,Female,861-742-7602,Australia,
168,Spencer,Johnson,anthonydougherty@huynh.com,Male,218-276-9745x80240,Brazil,
169,Ricardo,Smith,sarah26@miller.com,Female,001-961-979-8767x6409,Japan,
170,Charles,Jones,joseph56@yahoo.com,Male,(622)674-5381x4640,Germany,
171,Thomas,White,suzannemaxwell@yahoo.com,Other,+1-085-842-5200x35474,Japan,
172,Becky,Hernandez,michaelcarlson@hotmail.com,Female,(812)133-2054x76809,Japan,
173,Brandy,Russell,ryanhickman@cook.com,Other,7150809296,France,
174,David,Le,cynthiawise@chang.info,Male,(284)644-7798,Brazil,
175,Jeremy,Peterson,jonathan02@alexander.com,Other,+1-372-724-2903x8621,France,
176,Jason,Davis,john73@hotmail.com,Other,031.619.0524x1727,India,
177,Miranda,Cook,xdavis@yahoo.com,Other,949.759.2329x39841,France,
178,Christopher,Sullivan,lydia36@johnson.com,Male,(002)770-4234,UK,
179,Michael,Paul,lori07@gmail.com,Male,(642)127-7776,Australia,
180,Angela,Shah,janet24@blankenship.com,Male,7879710264,France,
181,Stanley,Arnold,michaelgibson@freeman-hunt.com,Female,+1-681-559-6743x846,USA,
182,Veronica,Allen,martindebbie@gardner.net,Female,001-960-104-0345x15711,India,
183,Laura,Williams,xcrosby@gmail.com,Other,(268)004-6557x278,Germany,
184,Laura,Mendoza,williefleming@moran-kennedy.info,Male,719.038.1405,Brazil,
185,Alexa,Scott,hughesdarin@gmail.com,Female,(955)464-3219x049,India,
186,Holly,Chen,melissa15@yahoo.com,Other,965-768-5900x768,Japan,
187,Alan,Kirby,caleb45@hotmail.com,Female,955-816-2237,Germany,
188,Teresa,Gonzalez,amandarodriguez@yahoo.com,Female,001-326-158-4301x33880,Japan,
189,Kristen,Hopkins,kirkregina@yahoo.com,Male,+1-970-387-1940x159,Canada,
190,Katherine,Reeves,ecarroll@hotmail.com,Other,010.306.1329,Germany,
191,Jennifer,Sweeney,nicole90@townsend-weaver.info,Male,(145)890-7222,China,
192,Kevin,Jackson,langamy@yahoo.com,Other,(965)291-8991x98100,Brazil,
193,Bryan,Carter,spencerrebekah@yahoo.com,Other,787.779.4552,Japan,
194,Tanya,Schmidt,stephenharrison@hotmail.com,Other,015.127.0264x3500,India,
195,Austin,Parker,imcgrath@gmail.com,Female,+1-117-383-0475x75774,Canada,
196,Carly,Ali,joycesusan@hotmail.com,Female,771-080-1273,Germany,
197,Isabel,Jones,raustin@taylor.biz,Female,001-112-250-3986,USA,
198,Alexandria,Stark,medinamichael@marquez.net,Female,3096066302,India,
199,Deborah,Ramirez,deborahgolden@huff-mejia.com,Other,4948708318,India,
200,Stacy,Stephens,marshallryan@patterson-bell.info,Male,001-847-784-5258x8986,France,
201,William,Sanchez,hboyd@hotmail.com,Other,+1-034-395-3704x67332,USA,
202,Rebecca,Pitts,ashley32@yahoo.com,Female,258.410.9603x75715,Brazil,
203,Michael,Gonzalez,rschmidt@yahoo.com,Female,001-194-963-6177,China,
204,Karen,Graham,paulafletcher@yahoo.com,Male,505-517-0226,France,
205,Steven,Lloyd,kosborne@hotmail.com,Female,+1-518-408-1091x0355,Australia,
206,Philip,Mercer,gbarnes@oneill-hughes.com,Male,(671)844-0732x4402,India,
207,Brenda,Marshall,chasejames@cole.com,Female,665-827-1184x594,Australia,
208,Tonya,Jacobs,jamiemcguire@gmail.com,Female,6032532838,Brazil,
209,Wendy,Brooks,wconrad@hotmail.com,Other,194-633-9918x935,UK,
210,Jason,Odonnell,richard90@gmail.com,Female,6442304932,Australia,
211,Andrew,Lara,kevinfrancis@gmail.com,Male,446-599-6299x704,India,
212,Jimmy,Newton,novakcarla@gould.com,Male,624-519-2134,UK,
213,Michael,Williams,cweaver@lynn.com,Male,001-220-795-8027x0677,China,
214,Ashley,Jones,heather88@garcia.com,Other,832.983.2592,Brazil,
215,Larry,King,morrisaustin@boyd-booth.com,Female,7923382089,Canada,
216,Marcus,Hull,donnagreen@gmail.com,Other,-4664,China,
217,John,Lee,brentmullins@yahoo.com,Other,366.589.8803x3788,China,
218,Daniel,Griffith,rebeccarose@harris.info,Male,001-481-893-0732x2221,Canada,
219,Carla,Morse,raymondcortez@watson-mayo.biz,Male,+1-572-316-4939x227,India,
220,Kristen,Miranda,amber44@grant-hines.biz,Male,376.647.3315x7987,Japan,
221,Joyce,Wilkins,webbdavid@yahoo.com,Other,(579)251-4742x798,China,
222,John,Thornton,rodriguezsarah@yahoo.com,Female,(650)794-0317,India,
223,Robert,Byrd,andrew28@benjamin.com,Female,(240)151-1378x75808,Japan,
224,Kristen,Perez,brian32@davis.net,Female,001-760-836-2562x2887,China,
225,Carla,Gonzalez,gfloyd@hayden.biz,Female,+1-392-070-7482x953,Canada,
226,Kimberly,Clark,jacob14@adams.com,Male,(044)588-4523x6055,Canada,
227,Cody,Park,dchase@harper.com,Female,8715660488,Australia,
228,Sabrina,Guzman,mmurphy@yahoo.com,Other,+1-292-854-5862x66469,Australia,
229,Kimberly,Gomez,tiffany78@yahoo.com,Male,418-274-2992,Australia,
230,Brian,Hall,marioking@gmail.com,Female,990.971.7642,Australia,
231,Jasmine,Hill,littlecorey@hotmail.com,Male,001-272-463-9816x885,Canada,
232,Lauren,Washington,lisastone@young-hamilton.com,Female,001-866-901-7872,India,
233,Amanda,Walker,johnsonroy@myers.com,Other,001-763-181-6267x28140,China,
234,Ronald,Hobbs,harrismark@gmail.com,Male,001-611-457-0484x4340,France,
235,Sophia,Molina,across@smith.net,Female,001-800-349-6790x390,France,
236,Carol,Palmer,aevans@gmail.com,Male,(269)043-4996x566,China,
237,Kyle,Norris,dennis54@yahoo.com,Male,001-542-210-6607,Canada,
238,Jonathan,Chandler,pmiles@butler.com,Female,(772)985-8232x48796,China,
239,Rachel,Green,jonesdaniel@hotmail.com,Male,001-084-669-6498,India,
240,Paul,Pearson,jonesalvin@hotmail.com,Female,357-560-3119x883,Germany,
241,Michael,Moody,timothy58@baker.biz,Female,461-042-4212x00196,France,
242,Lee,Bond,emmasmith@edwards-solomon.biz,Female,(728)924-5608x918,USA,
243,Nicholas,Myers,moorejames@gmail.com,Male,(381)053-8666x89773,Australia,
244,Richard,Brown,william15@yahoo.com,Female,665-868-1922,China,
245,Tyrone,Buchanan,smithheidi@miller.com,Male,309.776.8088x23604,Australia,
246,Christina,Collins,kristihorn@roy.com,Female,+1-836-771-9115x95702,UK,
247,Chris,Thomas,peterdudley@gonzalez-bowen.com,Female,001-389-133-7819,UK,
248,William,Deleon,nathanpearson@davis-moore.biz,Male,001-297-575-8281x4350,Canada,
249,Michele,Taylor,christina56@hotmail.com,Female,5863038106,France,
250,Katherine,Johnson,joshuasmith@alexander-jones.com,Female,-744,India,
251,Cody,Kelley,jamesholly@hotmail.com,Female,(047)043-8622,Canada,
252,Sherri,Bradford,mccarthyjeffrey@ballard-jones.com,Other,(416)527-4471,Germany,
253,Stacy,Avila,elizabeth76@hotmail.com,Male,+1-459-281-5383x486,Germany,
254,Jason,Brown,morgan90@jones.com,Male,8963084488,Australia,
255,Terry,Morales,jose42@williamson-flores.org,Male,(476)944-4598x684,China,
256,Kathryn,Patrick,xhoffman@martin.com,Other,+1-010-418-0011x444,USA,
257,Mark,Gonzalez,omoody@richardson.biz,Other,222.288.3358,UK,
258,James,Weaver,pamelaellis@hotmail.com,Male,406.905.6057,France,
259,Robert,Sellers,davisthomas@smith.com,Female,001-955-005-1772x279,Brazil,
260,Amy,Shaw,heather72@diaz.com,Female,373.580.6122x676,Japan,
261,Lisa,Wilson,lisablake@king-rosales.com,Female,502-800-9856x965,Germany,
262,James,Mccormick,jennifer07@gordon.com,Other,975.397.8334x39617,India,
263,Kendra,Scott,umontgomery@gmail.com,Other,571.465.4776x6579,UK,
264,Amy,Velez,yolson@hotmail.com,Other,001-423-003-4618x440,France,
265,Justin,Alexander,crawfordaustin@yahoo.com,Other,(871)718-0522,Australia,
266,Jason,Foster,jmason@herring.com,Male,(754)287-3027x3095,China,
267,Stephanie,Roberts,fordchristopher@hotmail.com,Other,001-139-578-7778,Japan,
268,Joshua,Oneal,kmason@hotmail.com,Male,(200)183-8687x39158,UK,
269,Charles,Burgess,rebeccavargas@hotmail.com,Female,(398)129-6872,Japan,
270,Lauren,Alvarez,erindavidson@yahoo.com,Other,+1-655-672-3424x39429,UK,
271,Kathryn,Hart,saundersjohn@mcgee.com,Other,+1-636-755-3646x776,Germany,
272,Nicole,Brown,hickshenry@hotmail.com,Other,-1231,Germany,
273,Todd,Black,stevenallison@yahoo.com,Female,(376)773-2520x175,Canada,
274,Chris,Monroe,amanda95@holden-pugh.com,Male,001-364-861-5678x898,Germany,
275,Katrina,Parker,jennifer36@clarke-moore.com,Male,001-085-788-5600x20060,France,
276,Tabitha,Duran,brianna38@pena-wood.com,Other,807-768-1768,UK,
277,Kenneth,Colon,rebeccarichard@sullivan.info,Female,+1-496-206-6973x66581,India,
278,Michael,Brown,tyrone34@gmail.com,Male,446.280.5918x6297,France,
279,Juan,Shaw,ale@yahoo.com,Other,408.788.4212,UK,
280,Nichole,Walters,johnsonkrystal@yahoo.com,Other,202.876.6610x895,Australia,
281,Daniel,Barrett,ashley67@bailey-rojas.com,Other,312.482.2663x485,Canada,
282,Jonathan,Robertson,gregory57@gmail.com,Male,001-713-374-3719x78466,UK,
283,Zachary,Drake,ronald25@robinson.com,Male,(601)617-4779x27044,Germany,
284,Jacob,Ward,miguel70@walker.com,Female,001-956-875-9454x0474,India,
285,Ryan,Mendoza,julia74@porter.com,Other,001-547-057-8521x068,India,
286,Tina,Oconnor,courtneyross@gmail.com,Other,298.450.3731,France,
287,Angela,Short,itaylor@gmail.com,Female,+1-877-938-3871x191,Germany,
288,April,Smith,cwilcox@yahoo.com,Female,+1-876-850-4409x753,France,
289,Thomas,Torres,bakeralan@hotmail.com,Female,796.170.5054x855,Australia,
290,Charles,Adams,svasquez@butler-allen.biz,Male,001-542-245-5996x043,China,
291,Jonathan,Smith,vmartinez@hotmail.com,Male,(307)310-5892x697,Australia,
292,Kathryn,Thompson,carlaprice@gmail.com,Female,+1-435-563-2088x351,Canada,
293,Calvin,White,marcus83@yahoo.com,Male,(496)739-3497x865,Australia,
294,Alexandria,Horton,melissaroberts@yahoo.com,Male,1408533231,Canada,
295,Alicia,Wood,mlopez@murray.com,Other,1060694574,India,
296,Randall,Murray,adam62@weaver.com,Female,8450652873,Australia,
297,Andrew,White,rachel99@gmail.com,Other,(700)133-4288x6419,Japan,
298,Michael,Garrett,wprice@gmail.com,Female,001-536-847-6036x9454,Australia,
299,Audrey,Patterson,stephenholder@long.com,Female,+1-790-904-4311x30768,Brazil,
300,James,Schwartz,johnsonwilliam@gmail.com,Male,(687)306-4542x07876,India,
301,Brad,Garza,beanpedro@yahoo.com,Male,(363)796-2776x950,Australia,
302,Jessica,Snow,alexandra84@gmail.com,Other,(697)755-4505x5866,Japan,
303,Gary,Case,garciaaustin@ruiz.com,Female,831-066-1852,Germany,
304,Nicole,Shaw,nicholas21@underwood.com,Other,(234)157-6566,Brazil,
305,Stephen,Odonnell,kelly36@murray.com,Other,001-411-022-8222x83280,Australia,
306,William,Walker,xmcmahon@hotmail.com,Male,(349)520-2875x76243,India,
307,Christopher,Wright,marissa32@yahoo.com,Other,001-995-829-9182x0100,UK,
308,Toni,Stokes,matthew83@silva.com,Other,(913)412-0115,Australia,
309,Deanna,Cruz,iparker@price-krueger.com,Other,+1-770-035-8392x823,USA,
310,Harry,Brown,andersonkaren@williams.org,Female,+1-121-713-7241x33491,Canada,
311,Kelly,Hughes,taylorkenneth@gmail.com,Male,001-362-251-3809x2089,Japan,
312,Anne,Diaz,jcosta@gmail.com,Female,986-063-6204x1913,Germany,
313,Debbie,Moreno,christopherhayes@gmail.com,Female,265-967-2230x3064,Australia,
314,Dawn,Robinson,mmedina@gmail.com,Other,001-596-418-6872x84233,Brazil,
315,Barbara,Williams,gonzalezemily@hotmail.com,Female,397.788.7525,Germany,
316,Beth,Burns,benjaminsullivan@yahoo.com,Other,001-525-447-9114x064,Brazil,
317,Olivia,Flores,john99@hunt.com,Male,+1-848-007-8106x3740,Japan,
318,Jennifer,Gonzalez,heatherdavis@gmail.com,Other,001-373-951-1103x30869,India,
319,David,Moreno,matthewrogers@yahoo.com,Female,001-866-418-7602x3464,Australia,
320,Danielle,Reyes,lowesonya@gilbert-mercado.net,Male,046.056.4164,China,
321,Joseph,Levy,tdavis@gmail.com,Other,001-258-914-5353x1320,Brazil,
322,Natalie,Smith,jeffreyshepherd@hotmail.com,Female,(793)686-9002,Brazil,
323,Eric,Fletcher,cunninghamemily@vasquez.net,Female,001-600-407-7963x9814,UK,
324,Brandon,Henry,stonesara@hotmail.com,Other,176-517-0619x99993,UK,
325,Angelica,Hudson,heather72@gmail.com,Male,441.338.7045x054,France,
326,Patrick,Perez,shughes@hotmail.com,Male,134-848-1281x0451,Germany,
327,Loretta,Cole,lrice@patel.com,Male,768-904-5488x5828,UK,
328,Bobby,Smith,gibbskim@gmail.com,Other,8976173488,France,
329,Caitlin,Holder,ccarey@hicks.com,Female,5436766866,China,
330,Cynthia,White,vrodriguez@dennis.net,Male,904-251-6830x436,Australia,
331,Christopher,Green,jameswalker@gmail.com,Other,9138792537,China,
332,Erin,Jones,mjordan@myers-nichols.info,Other,418-306-8191x28005,France,
333,Jessica,Mejia,parkskevin@alvarez-gonzalez.com,Male,+1-007-801-1269x958,France,
334,Mitchell,Martin,yorktina@wood.com,Other,+1-760-834-8343x1875,Japan,
335,Andrew,Thomas,ellisvalerie@barr-webb.org,Male,+1-839-098-0316x79877,France,
336,Timothy,Savage,bakerlisa@hotmail.com,Female,(615)216-5755,Germany,
337,Lisa,Dean,kelly74@yahoo.com,Male,001-419-895-0077,Japan,
338,Michael,Branch,bethmurray@smith.com,Other,+1-055-013-6815x971,China,
339,Catherine,Clark,wrogers@gmail.com,Female,9619427574,Canada,
340,James,Cook,millerricky@curtis.com,Male,001-116-234-2162x21879,China,
341,Jodi,Fischer,greenekristen@hotmail.com,Female,(130)978-2241x1968,Brazil,
342,Katherine,Young,carldickerson@gmail.com,Female,(547)346-9376,Australia,
343,Michele,Alvarez,nhutchinson@gmail.com,Male,086.447.1844x09607,China,
344,Michael,Key,tonyhood@hotmail.com,Other,+1-530-537-9155x19594,India,
345,Catherine,Hoffman,qdalton@yahoo.com,Female,537.042.2604x1385,Canada,
346,Nathan,Brown,flee@yahoo.com,Female,527.107.5450x05895,Canada,
347,Justin,Marshall,scott87@bond.com,Other,-6551,UK,
348,Samuel,Perkins,jordandale@burgess.com,Other,314.514.6479x21583,Germany,
349,Adam,Smith,jonesheather@henry.com,Other,803.879.3017,China,
350,John,Thompson,wdavis@yahoo.com,Male,+1-805-410-4964x546,Brazil,
351,Melanie,Morgan,vincentrobinson@hotmail.com,Other,001-224-960-9404x32430,Japan,
352,Tricia,Powell,richard86@yahoo.com,Other,+1-550-203-0332x78647,Japan,
353,April,White,thomasbrown@hotmail.com,Female,(653)450-2185x86750,Canada,
354,Michael,Moody,jason43@arnold-johnson.biz,Female,(362)310-3933x169,Japan,
355,Jeremy,Oconnor,jonathanadams@fox-morris.org,Female,001-139-277-2445x24959,Brazil,
356,Janet,Saunders,nelliott@wagner-harris.com,Female,638.852.4497,China,
357,Jennifer,Patterson,andrew70@garcia-hamilton.com,Other,(817)163-7258,Canada,
358,David,Gentry,thomascobb@gmail.com,Other,358.876.8582,Australia,
359,Brandon,Brown,cadams@gmail.com,Other,879.993.8764,India,
360,Kimberly,White,cynthiarios@lewis-martinez.biz,Male,(745)304-5487x5894,China,
361,Steven,Alexander,josephbarker@carr.com,Female,267.074.0077x58693,Canada,
362,John,Burch,tracey85@wright.info,Other,2312520943,Germany,
363,Christopher,Mccall,vickiwiggins@yahoo.com,Male,-9550,UK,
364,Robert,Parker,ocastillo@mitchell.com,Other,340-032-9165x36858,Brazil,
365,Jennifer,Wilson,mcdonaldbrianna@mitchell.info,Female,(919)154-8330x624,India,
366,Mark,Morton,carrnatasha@hotmail.com,Other,1903019361,India,
367,Robert,Flores,bcook@gmail.com,Female,(227)721-0920,India,
368,Mitchell,Thompson,andersontracy@yahoo.com,Female,588.151.6654x221,UK,
369,Jasmine,Peck,fostercharles@gmail.com,Other,1091395687,China,
370,Ashley,Lopez,vanessa65@gmail.com,Male,(086)794-6125x127,Germany,
371,Alex,Salazar,kristinajohnson@dennis.net,Other,+1-574-928-6351x963,USA,
372,Nancy,Poole,croman@hall.com,Female,178-766-6368,China,
373,Brandi,Davidson,marysutton@campbell.com,Male,336-784-8615x128,Australia,
374,Amanda,Stephenson,rebeccacarroll@griffin-moore.com,Other,-8689,USA,
375,Joan,Williams,stewartmathew@hotmail.com,Other,366-931-0858,Australia,
376,David,Barrett,cgardner@gmail.com,Female,5687001208,Brazil,
377,Ernest,Duke,darlenewarren@yahoo.com,Other,001-417-169-3418x934,Germany,
378,Suzanne,Wang,wschneider@mclean.net,Female,(434)712-6747x9349,Brazil,
379,Tamara,Salazar,angelameyer@gmail.com,Male,+1-878-997-5822x69504,Canada,
380,Alexis,Castillo,jcantu@gmail.com,Other,876.163.1374,USA,
381,Angela,Armstrong,brittanysanders@anthony-martinez.biz,Female,6305521527,Japan,
382,Scott,Sanders,williamseileen@hotmail.com,Other,(055)151-3984x2317,USA,
383,Rachel,Rosales,haleyhudson@hotmail.com,Female,026.236.1833x327,Japan,
384,Gary,Miller,pbenitez@wright-smith.com,Male,8108336277,USA,
385,Lisa,Boyer,denise09@love-hayes.net,Other,001-627-703-9483x88728,India,
386,James,Dean,johnanderson@alexander-holloway.com,Other,(651)756-7969,India,
387,Kelly,Richard,jonesalicia@murray-mcgrath.info,Other,268.850.0374x907,Japan,
388,Eric,Carter,jasonadams@gmail.com,Other,248-575-7978x9293,Australia,
389,Stacey,Mclaughlin,ucochran@conner.com,Male,(967)428-8853,India,
390,Daniel,Whitehead,keith09@gmail.com,Other,774-515-6175,USA,
391,James,Callahan,austin70@khan.net,Other,481.734.5833,Germany,
392,Michael,Obrien,amanda14@lopez-odonnell.net,Male,001-674-192-4858x3672,China,
393,Nicole,Horn,sbrock@yahoo.com,Male,6822222598,Canada,
394,Sandra,Smith,ufranklin@boone.com,Other,9530154084,China,
395,Morgan,Greer,munozamy@yahoo.com,Female,339.152.6869x02120,UK,
396,Connie,Garcia,pamela63@gmail.com,Female,863280834,Australia,
397,Stephanie,Williams,belltyler@hotmail.com,Male,-9965,Canada,
398,Paul,Maldonado,dbell@moreno.com,Male,001-482-775-3516x532,Germany,
399,Roy,Burnett,lisa17@gmail.com,Other,+1-381-922-8380x73177,Canada,
400,Luis,Richard,ujones@gmail.com,Female,(181)798-9455,Canada,
401,Richard,Hernandez,laurenrodgers@wood.com,Other,840-369-3294x537,Germany,
402,Gloria,Galloway,christine17@hotmail.com,Female,(599)310-6233,UK,
403,Katrina,Brown,rtaylor@schroeder-thomas.com,Other,1845894029,Brazil,
404,Diane,Kelley,crawfordjames@andrade.org,Female,-7535,China,
405,Jessica,Thomas,brownchristina@hotmail.com,Female,+1-958-227-8694x63704,Canada,
406,Lisa,Valdez,saunderseileen@yahoo.com,Female,001-630-566-5477x3751,USA,
407,Christina,Ponce,carolynroberts@yahoo.com,Female,820.625.0795x233,Canada,
408,Andrew,Howard,xhernandez@gmail.com,Female,211-887-1291x95746,India,
409,Eric,Cordova,tpeterson@griffin.biz,Female,834-356-8530,Canada,
410,Jennifer,Ortega,rodriguezeric@hotmail.com,Male,697-835-2103,China,
411,Matthew,Bowman,amedina@ho.com,Male,163-496-9272x83064,USA,
412,Brooke,Ward,scott14@blankenship.com,Other,(530)862-8495,France,
413,Julia,Turner,collinsbrooke@gmail.com,Other,+1-367-152-3109x317,Japan,
414,Jennifer,Campos,larry61@yahoo.com,Male,904.088.5607x905,Canada,
415,Katherine,Robinson,thomas66@gmail.com,Male,215.490.8990,Brazil,
416,Elizabeth,Brady,brentwalters@gmail.com,Female,(338)040-7946,Brazil,
417,Patricia,Donaldson,vdavis@combs.com,Other,584.728.8393,China,
418,Amanda,King,johnsonrobert@hotmail.com,Female,548.410.1398,India,
419,Elizabeth,Russell,zsanchez@ortiz-martin.org,Other,104.480.5478,USA,
420,Zachary,Goodwin,dicksonbrent@perry.com,Female,(105)556-1258,USA,
421,Rebecca,Gill,clarkkendra@yahoo.com,Female,112.640.9157x162,Australia,
422,Victoria,Jackson,james95@gmail.com,Other,001-192-948-2622x5204,USA,
423,Roy,Rodriguez,sandracortez@henry-burgess.com,Male,669-118-7051,India,
424,Brenda,Mccoy,dwilson@duke.com,Other,101.567.4861,France,
425,Jacob,Snyder,charles15@roberts.com,Female,658.899.6495x6897,China,
426,David,Tucker,austingould@yahoo.com,Female,001-380-912-4307,China,
427,Glenn,Johnson,adamsrussell@brennan.net,Male,087.891.4594,France,
428,Sheryl,Kerr,reedamber@hotmail.com,Male,001-656-775-8308x947,UK,
429,Logan,Bailey,gchavez@savage.biz,Other,394.815.5472x87395,France,
430,Patrick,Casey,stephaniepalmer@ramsey.com,Male,001-885-938-9228x575,Germany,
431,Michael,Church,fordstephanie@smith-calhoun.net,Female,909-536-4577x1291,Germany,
432,Frances,Watts,kmiller@willis-richardson.com,Female,001-874-902-4217,Japan,
433,Adrian,Kelley,ryan07@graves-hayes.biz,Other,3161059802,UK,
434,Pamela,Bridges,sotowilliam@yahoo.com,Female,(861)402-8164x2587,Japan,
435,Michele,Anderson,owaters@gmail.com,Other,+1-818-147-7287x494,Brazil,
436,Ashley,Lane,mary50@yahoo.com,Male,4234776269,Japan,
437,Alexandra,Sutton,michaelwallace@welch.com,Other,(097)384-5774x3366,France,
438,Erica,Smith,carterjohn@ortiz.net,Male,-8162,Brazil,
439,Daniel,Mills,jonescarolyn@gillespie.info,Other,045.230.1664,Canada,
440,Melvin,Allen,randylewis@jones.com,Female,671.100.6997x185,China,
441,Michael,Harper,kellycarroll@stone.net,Female,594-236-4710x6164,France,
442,Don,Palmer,shannonallen@yahoo.com,Male,001-745-416-3374,Germany,
443,Dale,Allen,wmitchell@peterson-carlson.net,Other,+1-023-333-6623x98084,India,
444,Mary,Gibbs,christophernewman@hotmail.com,Male,(511)960-1081,Brazil,
445,Cindy,Kramer,sdonaldson@yahoo.com,Other,+1-908-992-0009x936,Brazil,
446,Heather,Jimenez,perezshelly@gmail.com,Other,611-847-3811,Canada,
447,Hailey,Lutz,ianphillips@hotmail.com,Female,560-343-0685x36293,USA,
448,Kristen,Jones,ewebb@oneal.org,Other,(144)053-2979x022,Australia,
449,Monique,Potts,ryanwhite@yahoo.com,Female,124-632-3787x763,Canada,
450,Ryan,Phillips,nhughes@stone.info,Male,915-065-2201,France,
451,Monica,Delgado,harperbobby@miller.com,Other,001-369-685-9850x77605,China,
452,Brenda,Stewart,burkenichole@carter.com,Other,001-839-481-0777x07781,India,
453,Tina,Hughes,buchanancassandra@hines-kelly.com,Male,001-100-599-8425x29096,Germany,
454,Andrew,Price,evansullivan@gmail.com,Male,001-747-238-5950x815,China,
455,Joshua,Hatfield,lonniehenderson@hotmail.com,Other,854.111.5954,Canada,
456,Lauren,Olsen,jacobsweeney@lawrence.com,Male,(663)499-7823x716,France,
457,Carolyn,Griffin,qadams@yahoo.com,Male,(448)036-9822x34375,Australia,
458,Mark,Watson,smithsamantha@yahoo.com,Female,001-308-584-9604,UK,
459,Laurie,Butler,katrina69@hotmail.com,Female,(309)373-7578x4110,USA,
460,Parker,Carlson,mooreandrea@yahoo.com,Male,215-859-6495x7338,India,
461,Ashley,Turner,morenojennifer@gmail.com,Female,001-301-160-3956x7832,France,
462,Betty,Chandler,coreyjames@yahoo.com,Other,001-905-763-0258,India,
463,Crystal,Cooper,smithtravis@daniel-blankenship.com,Female,865.873.0736,France,
464,Erik,Gould,ccasey@gmail.com,Other,001-844-334-8284x58428,Brazil,
465,Jacqueline,Davis,bryan65@taylor-luna.com,Male,001-586-405-3906x556,Japan,
466,James,Smith,andrew45@ward.net,Female,8003347719,Australia,
467,Nicole,Hicks,scottschmidt@cline.biz,Male,+1-701-485-6307x8321,France,
468,Daniel,Roman,alyssa12@yahoo.com,Male,867.937.7578,India,
469,Dennis,Trevino,charles97@gmail.com,Male,285.270.8074,Germany,
470,Shaun,Parker,tnichols@gmail.com,Female,001-291-563-4146x7107,Brazil,
471,Michael,Carrillo,michaelbrady@young.com,Male,+1-913-264-7964x928,UK,
472,Duane,Marsh,krystal58@gordon.com,Male,779-708-8626x7726,Australia,
473,Joshua,Bautista,patrickcastro@yahoo.com,Male,001-184-703-1377x5610,India,
474,Sierra,Smith,isaiahbell@sanchez.biz,Female,5230927411,Japan,
475,Christina,Frazier,martinezjames@small.com,Other,(769)634-3253x681,Canada,
476,Casey,Mejia,usilva@gmail.com,Other,(234)884-7744,USA,
477,Angela,Estes,yhodges@yahoo.com,Other,(955)315-5747,Japan,
478,Nicholas,Stone,danielgibson@padilla.com,Female,001-671-663-2117x848,Brazil,
479,Shaun,Roth,hannahpacheco@gmail.com,Male,001-203-770-1639x4575,France,
480,Sherry,Robertson,cmitchell@hotmail.com,Male,6647597129,India,
481,Vanessa,Vasquez,hcarr@gray.com,Male,001-321-690-8607x89917,Canada,
482,Michael,Payne,tsingh@gmail.com,Female,004-835-7824,UK,
483,Craig,Garcia,christopher35@turner.biz,Other,001-936-003-3276x8955,Japan,
484,Russell,Schmidt,fbrewer@gmail.com,Other,211-223-3423x2152,Canada,
485,Matthew,Rich,raywalker@hotmail.com,Other,017.247.8144x714,USA,
486,Robert,Mckay,esparzasamantha@lang-brown.com,Other,001-234-285-4842x81877,Australia,
487,Victoria,Scott,ryanholmes@yahoo.com,Female,632.859.7910,Germany,
488,Alison,Phillips,smithkatherine@hotmail.com,Other,9394469056,Germany,
489,Chelsea,Wilkins,james42@harper-marquez.com,Female,001-272-770-4220x695,UK,
490,Kimberly,Huang,amanda28@yahoo.com,Male,757.034.8030x562,Germany,
491,Kaitlin,Ferrell,melissacampbell@lopez-vargas.com,Male,+1-385-207-0217x83630,India,
492,Sophia,Zamora,thomasrichard@nguyen-marquez.com,Other,001-706-212-8212,UK,
493,Jessica,Brown,choiellen@wright-skinner.com,Other,4344388176,UK,
494,Stephen,Green,jonesshelby@hotmail.com,Other,680-018-6504x3647,USA,
495,Regina,Hunter,turnerstephanie@moore.com,Other,001-270-173-1927x2773,India,
496,Gwendolyn,White,hardystephanie@mccormick.com,Other,573-810-3705x9980,Germany,
497,Dylan,Johnson,susan80@ramirez-murphy.com,Female,247.113.5880,Canada,
498,Michael,Cisneros,brownnicole@yahoo.com,Male,001-830-979-1096x774,China,
499,Adam,Klein,pramirez@gmail.com,Female,+1-855-910-3932x9757,Japan,
500,Elizabeth,Lopez,smithrachel@castillo-reed.com,Other,051-787-5626x578,Brazil,
501,Dorothy,Warren,egay@hotmail.com,Male,028.777.8908x16882,Canada,
502,Mark,Grant,charlessmith@yahoo.com,Female,376.325.1681x12213,France,
503,Tony,Cantrell,johnmartin@gmail.com,Female,(005)049-5694x347,Germany,
504,Margaret,Jenkins,rschultz@shelton.com,Male,(789)970-3118x609,USA,
505,Derek,Taylor,williamsjennifer@kennedy.com,Male,-5589,France,
506,Valerie,Rodriguez,rachael11@benjamin-webster.com,Male,+1-539-025-0563x677,Germany,
507,Ryan,Mccullough,mortonashley@robbins-finley.org,Female,+1-907-268-0028x960,Japan,
508,Kristen,Kelley,fhanson@gmail.com,Other,845.035.5319,USA,
509,Margaret,Hall,dadams@hernandez.org,Male,402-479-6306,USA,
510,Alyssa,Thomas,walkerjody@hansen.com,Male,+1-169-747-1774x7037,Brazil,
511,Yvonne,Simmons,oscarrogers@gmail.com,Male,248.461.0996x9503,Australia,
512,Matthew,Walker,johnwu@howard-jackson.com,Female,236.925.3677,USA,
513,Elizabeth,Wallace,jillrobinson@chen-jacobs.com,Other,121-968-4570x2197,Canada,
514,Sarah,Wong,jeffery52@yahoo.com,Male,+1-781-121-8300x04865,China,
515,Courtney,Young,gonzalezbrandon@davidson.com,Other,8641313172,UK,
516,Andrea,Taylor,yharmon@johnson-brown.com,Female,(889)824-8535x257,Japan,
517,Michael,Brown,barbarasalazar@silva.com,Female,259.821.1646,India,
518,Christopher,White,robin04@fuller-goodman.info,Male,682.179.2399x29444,France,
519,Dillon,Cook,lindsaycohen@hotmail.com,Male,1131181353,China,
520,Deborah,Stewart,smithkrista@gilmore.com,Other,359.798.8303x7714,India,
521,Ashley,Turner,kiara56@gmail.com,Male,001-930-007-0956x4898,Brazil,
522,Jennifer,Williams,johnsonrobert@thomas-hampton.com,Other,469.112.5315,France,
523,Gregory,Mann,heidi46@gmail.com,Other,+1-058-808-5105x38459,Germany,
524,Holly,Hernandez,rosemelissa@gmail.com,Female,800.264.9855,Germany,
525,Maria,Finley,garciajennifer@yahoo.com,Male,001-680-694-3534,India,
526,Kerri,Taylor,benjaminrusso@gmail.com,Female,528.944.1130,China,
527,Kathleen,Jones,blakehamilton@yahoo.com,Male,+1-777-570-6778x88623,India,
528,Roger,Adams,lawsonpatricia@hotmail.com,Other,590.254.3439x252,Australia,
529,Jonathan,Davis,blackgabrielle@allen.com,Female,001-330-058-9586x8977,China,
530,Jason,Wallace,marissaglass@torres-fletcher.com,Male,924-922-2412,Brazil,
531,Joseph,Pope,russellgary@yahoo.com,Other,-8647,France,
532,Michael,Rodriguez,cooperamanda@hotmail.com,Other,001-990-293-6792,Japan,
533,Courtney,Horne,qreed@davis.com,Female,499-656-1702,Brazil,
534,Christina,Wang,jamestiffany@smith.com,Female,001-497-722-9321x89328,China,
535,Donna,Smith,marshallsarah@salinas.com,Female,266.165.9818x68374,Australia,
536,Douglas,Vance,bryan89@horn-newton.com,Female,505.944.0302,France,
537,Richard,Valdez,vhernandez@avery.com,Other,(905)910-7403x610,France,
538,Angela,Rhodes,cameron79@vasquez.info,Female,(005)178-4085,UK,
539,Laura,Kennedy,adamporter@yahoo.com,Female,391.680.9464,USA,
540,Melinda,Thompson,mcbridemartha@gmail.com,Male,046.032.0118,USA,
541,George,Mendoza,johncox@hotmail.com,Other,+1-893-306-2735x94187,Brazil,
542,Justin,Hughes,howardkatherine@martinez-smith.com,Male,163.812.4377,Germany,
543,Jennifer,Burke,ashleysmith@wilson.com,Male,238-419-6010x31272,Germany,
544,Joseph,Gonzales,brookedaniel@yahoo.com,Female,1146171888,Australia,
545,Jeffery,Williams,colemanalisha@guerrero.org,Other,(429)716-1184,Brazil,
546,Michael,Carey,philipbruce@lewis-barnes.com,Other,001-992-248-9785,USA,
547,Peter,Pierce,bknapp@yahoo.com,Female,001-589-075-5011,UK,
548,Barbara,Ray,erikjoseph@hotmail.com,Female,+1-865-040-0645x0774,India,
549,Clarence,Bush,emilytaylor@gmail.com,Male,6606994469,France,
550,Richard,Gutierrez,brandy44@patterson.com,Female,001-993-048-4192x0032,USA,
551,Kevin,Curry,mooreangela@cowan.biz,Male,+1-682-307-7121x1873,Canada,
552,Eric,Ryan,gloriathompson@bruce.com,Female,001-431-103-2331x47876,Japan,
553,Katherine,Scott,thomas98@hotmail.com,Male,201-392-1476,USA,
554,Dawn,Lowe,nicolewarren@yahoo.com,Other,(614)687-7636,Japan,
555,Dawn,Mcdonald,lewismatthew@fisher.biz,Other,-6883,Japan,
556,Chris,Webster,josephbell@yahoo.com,Male,+1-297-380-1291x2720,France,
557,Richard,Henderson,tcollins@hotmail.com,Male,440-281-2851,China,
558,Anthony,Anderson,rebekah51@gmail.com,Female,+1-468-721-9949x929,Germany,
559,Nicole,Marshall,mary56@hotmail.com,Other,+1-128-666-6547x9187,China,
560,Jeremy,Rowe,barkeralejandra@duarte-walsh.com,Female,697.762.9117,India,
561,James,Carson,david22@hotmail.com,Female,+1-431-684-7014x5636,Australia,
562,Mark,Gordon,kellyandrews@hotmail.com,Male,015-920-1565x2131,UK,
563,Spencer,Bennett,jennifer18@yahoo.com,Male,001-262-210-3323,USA,
564,Linda,Hamilton,lauren47@gmail.com,Male,001-979-488-6588,Canada,
565,Stephanie,Leblanc,andreaharvey@hotmail.com,Male,624.400.8558x652,Japan,
566,Audrey,Hayes,buchanancasey@yahoo.com,Female,398-890-8906x0407,Brazil,
567,Penny,Garcia,bakerlisa@henry-rocha.org,Female,+1-357-836-1840x897,France,
568,Deanna,Austin,nwhite@hotmail.com,Female,+1-544-013-6868x2943,Canada,
569,Jose,Miller,campbellgrant@simmons.com,Other,(385)182-4044x23592,Brazil,
570,Jennifer,Morris,dustinmorse@hotmail.com,Female,(436)252-8691x5394,UK,
571,Amanda,Jones,yjackson@hotmail.com,Male,(829)545-8036x20336,Brazil,
572,Jeff,Calhoun,waltondale@gmail.com,Other,(336)875-6480x3295,Australia,
573,Monica,Smith,brendakaiser@smith.com,Other,289-856-6328x77128,Germany,
574,Heather,Stevenson,briansmith@gmail.com,Female,+1-591-732-7550x81704,USA,
575,Kenneth,Randolph,samanthascott@yahoo.com,Male,001-313-866-3840,India,
576,Sydney,Curtis,vpadilla@hotmail.com,Other,160-321-5763x5537,France,
577,Annette,Clark,erin20@dawson.info,Female,813-055-2287x13081,USA,
578,Heather,Dorsey,janet67@yahoo.com,Female,+1-906-451-9939x749,China,
579,Ruben,Nelson,meaganherring@yahoo.com,Other,604-256-5907,UK,
580,Todd,Parker,patriciamiller@barajas.info,Male,413-597-7079,France,
581,Monica,Davis,gutierrezjessica@davis.org,Male,(937)170-0751x178,Brazil,
582,Kenneth,Hopkins,matthewproctor@collins.biz,Other,409.485.4723,Canada,
583,Michael,Booker,eileenbaker@hotmail.com,Male,+1-037-391-6687x608,Germany,
584,Alexa,Cross,wagneredward@hotmail.com,Male,+1-293-237-2287x9884,UK,
585,Patrick,Myers,lauragonzalez@gmail.com,Female,107.923.4094x4500,Germany,
586,Joe,Matthews,darryl04@montgomery-adams.com,Male,(211)629-4170x4882,China,
587,Jennifer,Jensen,williamjackson@gmail.com,Female,+1-775-674-3994x525,Canada,
588,Thomas,Hebert,tcarrillo@yahoo.com,Male,001-617-975-6691,Australia,
589,Rhonda,Wilson,foxjulia@hotmail.com,Other,148.235.9701x34419,UK,
590,Matthew,Yates,clynch@hotmail.com,Female,692-698-1576,Australia,
591,Susan,Jimenez,huberchelsea@gmail.com,Female,001-859-804-3864x3023,Australia,
592,Russell,Torres,brendaellis@hotmail.com,Female,001-158-961-4134,France,
593,Stefanie,Jones,juliemiller@williams-johnson.com,Other,+1-704-162-1340x746,India,
594,Debbie,Scott,rojasbrianna@williamson.com,Male,663.596.6054,France,
595,Jennifer,Moyer,ellen26@hotmail.com,Other,709.358.3780x364,Germany,
596,Brandon,Gonzalez,joshuahart@simpson-baker.com,Other,(100)059-0336x7002,UK,
597,Andrea,Tapia,jessica04@perez.com,Other,551.042.4947x2672,France,
598,Evelyn,Baker,olsonbruce@hotmail.com,Female,(721)531-9207,Australia,
599,Lorraine,Johnson,megan29@hotmail.com,Other,(890)582-0692x97939,Canada,
600,Joshua,Everett,nicholaslong@yahoo.com,Female,+1-047-834-4690x55854,Canada,
601,Misty,White,xross@yahoo.com,Other,068-546-8756x48023,Japan,
602,Roy,Castaneda,mariathompson@hotmail.com,Male,+1-777-765-8889x81235,India,
603,Alexander,Ortega,kirkgregory@gmail.com,Female,(612)111-5679x8229,China,
604,Scott,Williams,jcarlson@adams.com,Other,730-655-6789,Australia,
605,Mary,Davis,zmejia@webb.org,Other,+1-460-550-7024x51601,Germany,
606,Samantha,Marshall,nicholsdavid@yahoo.com,Male,945-725-8494,China,
607,Gregory,Lewis,tmiles@prince.com,Female,(432)589-2070x0356,UK,
608,Brady,Ramirez,wsimpson@williams.net,Male,254-555-5560x042,USA,
609,Julia,Garcia,frederick45@hotmail.com,Other,047.340.5776,India,
610,Alexis,Young,gary67@smith.com,Female,920.475.0025,Australia,
611,Travis,Ware,vscott@gmail.com,Female,118.172.8618,Germany,
612,Anthony,Krause,matthewcollier@gmail.com,Other,+1-143-761-5535x094,India,
613,Lance,Green,matthewhogan@parker.info,Other,574.943.9486,UK,
614,Carrie,Delacruz,oserrano@gmail.com,Male,6965256024,Germany,
615,Kyle,Santos,katherine28@hotmail.com,Other,001-138-959-3200,India,
616,Joseph,Sanchez,angelatorres@gmail.com,Male,9801762948,Australia,
617,Emily,Patel,jamesjohnson@haynes.net,Other,+1-570-587-8938x80969,UK,
618,Richard,Good,laurengamble@dickson.org,Female,-9380,Japan,
619,Melissa,Smith,tyler34@gmail.com,Other,+1-510-400-5153x6364,Germany,
620,Penny,Carr,guzmanronald@cooper-bryan.biz,Female,387-972-4738x77629,Japan,
621,Debbie,Villegas,floresleah@collier.com,Other,(832)766-5551x047,USA,
622,Michael,Wheeler,tuckerdana@hotmail.com,Female,735-351-9308x0703,India,
623,Cheryl,Lopez,hayesemily@gmail.com,Female,2070995610,USA,
624,Shelly,Mueller,susanlee@gmail.com,Male,-9073,Australia,
625,Mark,Carter,marshallgabriel@kelly.com,Male,245.488.6132x53685,USA,
626,Dana,Adams,brooke80@bradford.com,Male,(302)857-3304x8990,USA,
627,Timothy,Lewis,ewade@moore.com,Other,(666)078-6276,Australia,
628,John,Ferguson,lindsay08@peterson.com,Male,383.634.7095x46058,France,
629,Brittany,Pope,aliciadavidson@gmail.com,Other,814-211-8956x3546,Germany,
630,Victor,Daniel,hesstravis@hotmail.com,Female,811.056.9322,Japan,
631,Adam,Little,sromero@gmail.com,Male,001-479-287-6207,Japan,
632,Robert,Williams,vbailey@white.com,Female,853-415-1147,Canada,
633,Benjamin,Miles,baustin@hotmail.com,Female,001-096-235-9623x4614,China,
634,Nancy,Valdez,pnorris@hotmail.com,Other,+1-578-913-6414x47905,China,
635,James,Arellano,washingtonkatherine@cruz.info,Female,001-400-654-7790x84763,Brazil,
636,Eric,Jordan,hudsonanthony@ruiz-ray.com,Other,(961)208-5092x98364,China,
637,Gary,Franco,tinaortiz@gmail.com,Female,464.130.5314x62622,Brazil,
638,Christopher,Hall,carlosgilbert@yahoo.com,Female,(895)628-4453,USA,
639,Nicholas,Ramirez,maria87@gibson.com,Male,247.103.2493,China,
640,Charles,Hayes,samuelwilson@guerra.com,Female,448.588.8612x01353,Germany,
641,Samantha,Shelton,cindy44@campbell.net,Other,180-754-5633,China,
642,Peter,Reed,brownkara@santos.com,Other,+1-829-251-5005x201,China,
643,James,Decker,ericschroeder@hotmail.com,Male,840-827-5449,Germany,
644,Kenneth,Ruiz,christopherross@hahn-moore.info,Female,077.631.8202x7515,USA,
645,David,Mccullough,dicksonjacob@gmail.com,Female,+1-286-339-9825x328,Japan,
646,Amber,Bailey,gonzalezbrian@hotmail.com,Other,(300)488-6550,China,
647,Elizabeth,Campbell,harveydaniel@mann-hunt.biz,Male,(166)340-3337x710,UK,
648,Michael,Green,rthomas@jones.com,Female,3629304504,Brazil,
649,Brian,Farmer,danielparker@gmail.com,Other,(650)385-6113,France,
650,Robert,Black,jonesstephanie@davis-carter.net,Other,681.511.9522x42949,USA,
651,Rebekah,Parker,brett25@chandler-williams.com,Female,1795538266,India,
652,Luis,Walker,jack17@hotmail.com,Male,1740633165,Australia,
653,Katherine,Hall,robertyoung@yahoo.com,Other,6028065192,Canada,
654,Jasmine,Ellis,josephflynn@sandoval.info,Other,(515)922-3600x6882,Germany,
655,Todd,Poole,whall@hotmail.com,Female,(063)577-1107x86088,Australia,
656,Kathleen,Robinson,maureen97@lambert-roberts.com,Male,705.406.7599x8301,Germany,
657,Gary,Meyers,bethkim@blake.com,Female,714-294-3709,Japan,
658,Christina,Brooks,james28@williams.com,Male,(380)186-5569,Australia,
659,Dustin,Norris,jwright@hotmail.com,Female,(998)861-3472,Japan,
660,William,Green,garzavictoria@clark.com,Female,583.833.4979x15371,Canada,
661,Jennifer,Craig,ashley03@gmail.com,Other,5775311157,China,
662,Cody,Coleman,vincentkoch@fernandez.com,Male,+1-541-352-2040x146,UK,
663,Shari,Singh,reeddebbie@gmail.com,Other,843.404.3690,Japan,
664,Dustin,Williams,cynthia28@hotmail.com,Male,3394169354,USA,
665,Kimberly,Wright,curtisschmidt@franco.com,Female,(940)018-6046x1346,UK,
666,Joseph,Nichols,davisrichard@cuevas.biz,Other,(915)799-3216x67586,UK,
667,Isaac,Atkins,samuel73@may.com,Male,909.498.7745x33504,China,
668,Deanna,Perry,marciamorales@rowe-nguyen.com,Other,688-702-1118x53742,France,
669,Mark,Wolf,zhughes@gmail.com,Male,010.531.4907,Australia,
670,Nancy,Jennings,michael66@hotmail.com,Other,465.700.7260,India,
671,Michael,Peterson,tina50@yahoo.com,Male,001-447-266-5316x72687,India,
672,Nicholas,Meyer,ewebb@jones.com,Other,(039)723-7360x845,France,
673,Elizabeth,Williams,andrewcampbell@gmail.com,Other,(072)785-5006x12582,USA,
674,Ann,Butler,brandonsteele@gmail.com,Male,(906)305-2479x1683,Germany,
675,Robert,Golden,ahaynes@yahoo.com,Male,906-951-5513x61833,India,
676,Eric,Williams,danielcrawford@hotmail.com,Other,+1-640-567-1784x9616,Canada,
677,Gregory,Dominguez,richardskaren@gmail.com,Male,001-667-263-8137,Germany,
678,Brad,Dennis,troy82@yahoo.com,Male,+1-868-503-5815x2206,Germany,
679,Timothy,Barker,scottgomez@gmail.com,Other,001-150-542-4313x13680,France,
680,Annette,Wilkins,brandtarthur@glover.net,Other,-8828,India,
681,Stephanie,Ward,jclayton@yahoo.com,Female,(703)408-3619,China,
682,James,Davis,mary15@hotmail.com,Male,(036)275-2455x96908,China,
683,Wendy,Johnson,jessicasmith@giles.net,Female,718.826.7955x53530,Germany,
684,Donald,Jackson,franklintodd@yahoo.com,Other,001-560-177-2063x7449,China,
685,Mariah,Rivera,traci82@porter.com,Male,-2589,China,
686,Alexis,Farley,reynoldscorey@anderson.com,Other,001-048-301-8442,Australia,
687,Cindy,Jones,dalton98@morgan.com,Female,907-981-7400x0940,Germany,
688,Brenda,Graham,crosbybarbara@harper-scott.biz,Other,+1-269-124-1138x6647,China,
689,William,Harding,daniel34@padilla-pierce.net,Other,3510012710,Australia,
690,Adam,Gray,vlewis@whitehead.com,Male,348-992-2652x472,Japan,
691,Audrey,Obrien,thart@cohen.net,Female,138-266-6412x822,Australia,
692,Melissa,Christensen,joshua83@gmail.com,Female,+1-470-317-5997x1508,Brazil,
693,Lisa,Miller,nguyendiana@gmail.com,Female,001-275-104-4954x7314,UK,
694,Jose,Roth,mwilson@gmail.com,Female,001-242-666-8804x744,Canada,
695,Cynthia,Wallace,yjones@gmail.com,Female,001-671-727-2124x143,Brazil,
696,Aaron,Taylor,phamlaurie@gmail.com,Other,(306)206-0515,UK,
697,Crystal,Allen,john91@harris.com,Other,7812026780,India,
698,Jacob,Williams,wwolfe@rojas.com,Female,(240)694-4485x81194,China,
699,Stephen,Johnson,chrisruiz@evans-williams.com,Male,253-922-4859x4762,USA,
700,Christopher,Alexander,robertbrown@ellis.biz,Male,1088935413,Japan,
701,Kayla,Fischer,jonesgregory@jackson.biz,Female,001-389-224-2468x86206,Germany,
702,Nicholas,Carter,wellsrichard@vasquez.com,Male,1314306297,Brazil,
703,Dorothy,Freeman,evansdavid@yahoo.com,Male,810-596-4460,Japan,
704,Richard,Williams,daniel34@flores.info,Other,257-642-6797x77229,Australia,
705,Stephen,Schultz,dawn53@frazier.com,Female,750-791-3942,Canada,
706,James,Scott,jamesapril@morgan.net,Other,001-561-624-9931x45217,Japan,
707,Carolyn,Hill,nturner@hotmail.com,Male,962-487-3766x500,Brazil,
708,Allison,Wong,josephbrady@yahoo.com,Male,-5605,USA,
709,Mariah,Moody,tina79@morales-bennett.org,Female,4918098235,Canada,
710,Benjamin,Lee,mcconnellaaron@gmail.com,Female,102-683-3180x96365,China,
711,Molly,Williams,jeffreycooley@mullen-dominguez.biz,Male,(750)148-6600,France,
712,Dan,Rodriguez,cynthiahines@hotmail.com,Other,+1-735-962-1464x04838,Australia,
713,Benjamin,Ayers,pdixon@hotmail.com,Other,027.228.1708x535,China,
714,Chase,Maxwell,kmanning@yahoo.com,Female,(799)899-6782x369,Brazil,
715,Samantha,Hall,cole50@gmail.com,Male,001-333-100-2451,Japan,
716,Jesus,Roberts,williamcantrell@hotmail.com,Male,(832)015-6390x8246,Germany,
717,Cathy,Lewis,rrowe@yahoo.com,Female,250-262-9808x7786,Canada,
718,Heidi,Smith,jacobkrause@clark.com,Other,001-540-492-8819x782,UK,
719,Renee,Hess,igibson@yahoo.com,Female,440-132-3690x52486,China,
720,Melissa,Collins,walshtimothy@lopez-mccullough.com,Female,992.953.3558x269,USA,
721,Stacy,Williams,omathis@anderson.biz,Other,(424)506-4364,France,
722,Brandon,Smith,ggutierrez@chavez-miller.com,Other,(108)841-4187x80530,UK,
723,Susan,Reynolds,shannon78@maldonado.com,Other,(662)835-1438,Germany,
724,Lindsey,Elliott,carolfox@hughes-pacheco.com,Male,400.290.0071x9415,UK,
725,Amy,King,grantstevens@hotmail.com,Male,001-370-626-1422,USA,
726,Paula,Church,tamara50@gomez.com,Other,(956)121-9423,India,
727,Crystal,Thompson,tonyalexander@hotmail.com,Female,(945)258-7029,Brazil,
728,Jared,Mitchell,ltaylor@hotmail.com,Female,717-956-3103,France,
729,Kelly,Bennett,nicole27@gmail.com,Female,186.243.1382x077,Brazil,
730,John,Fuller,tmckenzie@baker.net,Other,805-468-7656x89862,USA,
731,Parker,Parks,johnsonmatthew@thompson.com,Male,319.041.7803x720,Canada,
732,Charles,Flynn,woodscory@hurst.info,Male,833-187-7520x03491,Brazil,
733,Jillian,Mejia,longjason@yahoo.com,Other,7942714323,USA,
734,Sean,Hale,urivera@yahoo.com,Female,696-005-5670x522,China,
735,Darrell,Cardenas,bjenkins@brewer-phillips.info,Female,149.049.9599x8319,Japan,
736,Jessica,Smith,shawnhernandez@hotmail.com,Female,8021869128,USA,
737,Mary,Mcdaniel,nancy68@gmail.com,Male,595.236.5238x002,Germany,
738,Michael,Small,carl00@hotmail.com,Male,001-327-392-9498x915,UK,
739,Brittany,Patterson,johnsonalexa@taylor-hogan.com,Other,001-464-032-8141x06744,Australia,
740,Dennis,Abbott,oneilljasmine@bryant.com,Other,+1-939-426-4011x14921,China,
741,Hannah,Pennington,austinmurray@webb.org,Male,6768278849,Japan,
742,James,Smith,wjones@sanders-campbell.com,Male,(940)194-8691,India,
743,Janet,Harvey,dustinowens@walton.com,Other,856-037-0936x7213,Australia,
744,Matthew,Thomas,benjaminsanchez@yahoo.com,Other,929.264.5906x34122,USA,
745,Amanda,Lopez,theodorerobinson@gmail.com,Other,(376)886-5311x964,Japan,
746,Roger,Soto,kevinbryant@caldwell-jenkins.info,Other,871-161-9482x239,China,
747,Christopher,Walton,amber30@bush.com,Other,6644117768,Germany,
748,Travis,Avila,pholland@gmail.com,Male,(239)954-9201,Canada,
749,Barbara,Flores,larsonmary@delgado.biz,Other,439.369.1857x60321,USA,
750,Debra,Mitchell,ortizlisa@davis.com,Female,+1-533-305-7713x50201,UK,
751,Charles,Johnson,lindahansen@yoder.biz,Other,185.848.7130x48633,Canada,
752,Timothy,Dunlap,davidmatthews@hotmail.com,Other,(299)867-0555x8095,Canada,
753,Michelle,Jones,kcarlson@joyce.com,Female,(897)392-9613x86611,USA,
754,Shawn,Estrada,josephhicks@gmail.com,Male,507.617.5375x457,Germany,
755,Christopher,Taylor,kurtgriffith@rivera.com,Female,4114570664,France,
756,Whitney,Wyatt,blake87@wilson.net,Male,+1-948-753-0742x34020,Brazil,
757,Randy,White,ralph12@hotmail.com,Other,530-880-9476x4822,India,
758,Gloria,Smith,hopkinskimberly@yahoo.com,Female,157.795.9980,Germany,
759,William,Murphy,mooresara@gmail.com,Other,1688252645,Japan,
760,Kathleen,Richardson,douglas01@hotmail.com,Male,(541)948-0781x6614,Japan,
761,Pamela,Vaughn,gregory79@knight.com,Other,(858)943-5998,India,
762,Joseph,Ellis,jamesbaxter@gmail.com,Other,+1-188-079-6957x10459,France,
763,Tiffany,Campbell,kellypeter@hotmail.com,Female,001-062-830-2428x344,UK,
764,John,Miller,grantjennifer@guzman-perez.info,Other,182-766-7706,Australia,
765,Patrick,Anderson,mrobinson@jones.info,Male,340.801.9961x28369,USA,
766,Adam,Reese,tshepard@taylor.com,Other,136-779-6276x5458,India,
767,Doris,Hudson,sabrina59@hotmail.com,Male,+1-333-905-7416x38798,USA,
768,Laura,Burton,stephen23@yahoo.com,Male,001-083-528-8530x7207,Germany,
769,Christopher,Sims,michael51@wright.com,Other,5212529783,China,
770,Patricia,Rivera,natalierodriguez@thompson.info,Male,7205198562,Germany,
771,Jon,Jackson,rachel89@yahoo.com,Male,805.530.9269,China,
772,Stephen,Cantrell,vasquezjaclyn@sutton-hickman.info,Male,020.631.9208x13381,India,
773,Alexandra,Walls,perkinsmartin@hotmail.com,Other,(654)143-2683,China,
774,Christina,Yu,ljenkins@gmail.com,Other,001-801-721-6253x7665,Canada,
775,Natalie,Wilson,nbarton@rivera.org,Female,001-211-631-6302x496,China,
776,Tiffany,Gomez,austin29@yahoo.com,Male,-724,USA,
777,Erin,Fischer,jeanette13@glass.org,Other,(994)121-1703,France,
778,Aaron,Arellano,melvindonovan@mullen.biz,Other,(167)112-6424x920,France,
779,Stacy,Meadows,kimberly31@martin-greene.info,Other,001-111-365-1275,Japan,
780,Bruce,Wiley,brittneyskinner@allen.com,Female,001-821-223-0236x07900,Australia,
781,Kristina,Jackson,kellydavis@hotmail.com,Other,-1658,Australia,
782,Jesus,Young,tiffany83@morrison.org,Other,215.921.2846x9865,USA,
783,Gregory,Raymond,danielmarquez@rose-anderson.com,Other,(879)540-4634x5442,China,
784,Melissa,Jordan,jbrennan@gmail.com,Male,228-417-2064x792,Brazil,
785,Abigail,Ramsey,yandrews@hayes.com,Other,320.108.9454x35050,USA,
786,Joy,Murillo,vhansen@smith.com,Female,002.270.1802x5979,UK,
787,Tiffany,Hopkins,mtorres@gmail.com,Male,924-165-3870,Australia,
788,Jessica,Martinez,bettynichols@yahoo.com,Male,440.182.5555x9729,Germany,
789,Zachary,Caldwell,njones@oliver-powell.info,Female,(184)667-7295,India,
790,Thomas,Koch,wfernandez@yahoo.com,Other,+1-176-424-7014x625,Canada,
791,Michael,Dyer,katherine89@yahoo.com,Female,+1-007-406-7744x2931,Australia,
792,Carrie,Patel,patricia21@yahoo.com,Other,5135349048,China,
793,Michael,Smith,bernardcollin@stewart-walker.com,Male,648.145.1940x3938,Brazil,
794,Katrina,Owens,hallheather@gmail.com,Male,(231)099-5697x176,Australia,
795,Debra,Brown,xbenjamin@yahoo.com,Other,194-196-3333,UK,
796,David,Arnold,davidsonmargaret@fleming-matthews.com,Female,(674)013-0793,India,
797,Samantha,Morris,lisagarza@yahoo.com,Other,(251)893-3352,Canada,
798,Ashley,Berger,johnstonleslie@hotmail.com,Male,919.756.1752x7980,Canada,
799,Penny,Cunningham,todd59@woods.com,Female,(919)092-8312x266,China,
800,April,Fletcher,lisapeterson@yahoo.com,Other,577.909.9586x644,China,
801,Theresa,Hawkins,rita09@anderson-lee.com,Male,533-615-4199x5542,Canada,
802,Kathleen,Estrada,houstondominic@gmail.com,Male,3213687079,Germany,
803,Tiffany,Barrett,durhamcharles@fischer.com,Other,028-627-8786,Japan,
804,Samuel,Franklin,cristinacook@hotmail.com,Male,001-230-733-0824x3259,USA,
805,Maurice,Thomas,sheliafrazier@williams.info,Male,411-568-6930x9574,Brazil,
806,Lawrence,Pacheco,lawsonjamie@davis.com,Other,+1-794-009-5431x87115,China,
807,Debbie,Hunter,andrew70@schmidt.net,Male,674.713.1790,Canada,
808,Heather,Castillo,gregwelch@hotmail.com,Male,(047)645-9681x1032,France,
809,Debra,Bell,wlee@mills-estrada.com,Female,001-591-632-4627x35993,USA,
810,Robert,Kennedy,carolinesparks@johnson.net,Male,213-936-7440,Japan,
811,Dawn,Klein,shaneclay@hotmail.com,Female,001-427-401-3567x0209,China,
812,Jose,Osborn,reeserobert@washington.biz,Male,8845688810,Brazil,
813,Anthony,Burnett,chris62@yahoo.com,Male,787-895-3149x4568,UK,
814,Tammy,Harris,cunninghamchristina@hotmail.com,Male,001-764-445-4163,Canada,
815,Daniel,Clark,huntjennifer@griffin.net,Male,4187456633,France,
816,Justin,Walls,ryanwelch@ortiz.com,Other,+1-127-674-1000x89938,Germany,
817,Lauren,Blake,rachel94@moore.com,Other,001-289-584-8189x449,France,
818,Sheila,Barry,renee73@hotmail.com,Female,-6716,Brazil,
819,Kimberly,Thompson,sierra88@haley.com,Female,(767)701-2468x40113,India,
820,Richard,Manning,wrobertson@yahoo.com,Other,001-616-496-8420x40906,France,
821,Sabrina,Gutierrez,xmorris@bender.com,Male,+1-502-475-9352x781,China,
822,Kevin,Gonzalez,yjensen@yahoo.com,Female,500-552-3866x3814,India,
823,Stacy,Howard,anthonyromero@wilson.com,Male,(740)765-7631x692,France,
824,Linda,Parsons,cory07@gmail.com,Other,+1-130-610-8296x82869,Germany,
825,Deborah,Spears,owilliams@bauer.com,Female,(437)010-0298x153,Japan,
826,Christine,Barker,jennifer45@yahoo.com,Male,307.781.5733,Canada,
827,Jennifer,Holt,rodriguezjohn@young.com,Other,825.721.3421x034,France,
828,Rachel,Adams,woodsbrenda@rodriguez.info,Female,342.171.5483,Brazil,
829,Elizabeth,Strong,michellerichardson@yahoo.com,Other,001-841-617-3378x15232,UK,
830,Larry,Trujillo,lbrennan@conrad.com,Other,538-738-6397,China,
831,Sierra,Bradley,heatherrodriguez@flynn.com,Male,573.940.6099,Germany,
832,Sabrina,Taylor,aramos@ryan.com,Female,752-855-1587,China,
833,Rachel,Wagner,woodsrobert@yahoo.com,Other,228-386-9296,France,
834,Richard,Ware,ejames@gmail.com,Male,(539)839-2725,Germany,
835,Debra,Crosby,daniel84@gmail.com,Male,001-881-029-4177,Australia,
836,John,Benton,thomassanchez@yahoo.com,Male,001-292-733-7755x89473,Japan,
837,Scott,Pitts,grimesjames@roberts.info,Male,252.422.6484x348,Australia,
838,Rachel,Wilcox,jason30@gmail.com,Female,208-545-2841,China,
839,Felicia,Bryant,randallbriana@hotmail.com,Other,001-984-590-5368x53746,China,
840,Donna,Knight,sheltonsharon@hotmail.com,Female,001-784-859-7224x22443,UK,
841,Victor,Mason,adrianaperez@michael-wilkinson.info,Female,833-096-9107,Japan,
842,Frank,King,mccoymichael@hotmail.com,Female,386.672.2635x373,Brazil,
843,Susan,Elliott,moralestristan@yahoo.com,Other,001-364-599-2521x148,USA,
844,Daniel,Turner,dawndelgado@yahoo.com,Female,001-800-599-9029x50799,Australia,
845,Sharon,White,todd72@hotmail.com,Female,604-600-5005,China,
846,Robin,Vasquez,druiz@harrison-jones.com,Other,6992648038,India,
847,Beverly,Lopez,xrogers@yahoo.com,Female,+1-457-803-9811x9397,Germany,
848,Devin,Miller,charles81@hotmail.com,Female,255-357-5580,Brazil,
849,Gary,Williams,dariuswong@li.com,Other,001-178-290-9172x479,Germany,
850,Johnny,Morrow,gware@rodriguez-meyer.net,Male,(691)232-3188,UK,
851,Beverly,Martinez,evansfrank@curry.com,Female,+1-290-270-4127x55665,Canada,
852,Robert,Sanchez,jwalker@wagner.com,Other,004-229-1626x477,Australia,
853,Kimberly,Smith,zacharyjenkins@gmail.com,Male,001-432-200-6504x839,USA,
854,Steven,Moore,mariawarren@hotmail.com,Male,8654034704,Canada,
855,Rhonda,Thompson,fshort@yahoo.com,Male,-2921,China,
856,Christopher,Hall,gabrielle15@yahoo.com,Other,128-723-7056x304,Germany,
857,Roger,Parker,kristenmorrow@nielsen-neal.com,Male,462-823-2538x85887,Japan,
858,Nathan,Hudson,emily27@hotmail.com,Male,001-827-519-7023x205,Germany,
859,James,Coleman,jasonsalinas@rice.com,Female,001-811-313-0149x55465,USA,
860,Tyler,Lawson,timothymendez@gmail.com,Male,+1-480-529-5671x485,Brazil,
861,Joyce,Smith,joanbrewer@gmail.com,Female,2877963891,France,
862,Brittany,Watkins,riddlesteven@hotmail.com,Female,001-040-416-0233x564,Brazil,
863,Rodney,Hill,holly97@williams.com,Male,544.756.0938x46821,Japan,
864,Kenneth,Francis,vlloyd@barrett-wade.net,Female,682-526-3449x76605,USA,
865,Anthony,Baker,okelley@yahoo.com,Other,9814013185,USA,
866,Yvonne,Turner,christensenerika@gmail.com,Female,+1-088-029-4941x97770,Australia,
867,Nicole,Kennedy,evanssamantha@yahoo.com,Male,-5975,China,
868,Michelle,Rose,brendan94@delacruz.com,Other,941.437.9780,France,
869,Alexandra,Grant,hannakaren@rogers-lloyd.com,Other,001-538-649-2788x992,India,
870,Edward,Sullivan,tyler59@davis-sheppard.com,Female,(883)739-8094x32899,Australia,
871,Cynthia,Mcdonald,christinewilliamson@nash.com,Other,001-981-111-8156x5047,Australia,
872,Monica,Schaefer,yreyes@mclaughlin.com,Other,333-534-7483x8716,UK,
873,Jacqueline,Sanchez,cthompson@day.net,Female,185-803-1987x39721,Canada,
874,Penny,Scott,kperez@jackson.com,Other,2460025987,India,
875,Corey,Reed,igordon@hotmail.com,Female,644-228-7826,Brazil,
876,Charles,Allen,shawnshaw@morgan.info,Other,189-680-1112,UK,
877,Kimberly,Cummings,owensaaron@martin.com,Other,377.695.7438x6497,India,
878,Erin,Davidson,kathleen31@yahoo.com,Male,461.566.2012x235,USA,
879,Travis,Morales,wjones@rocha-gaines.biz,Female,+1-141-248-4090x5169,Canada,
880,Heather,Leblanc,darrengray@nunez.biz,Female,001-333-917-1841x7965,Canada,
881,Jessica,Wolf,gibsoncarolyn@austin-wilkerson.com,Female,6404484394,Japan,
882,Kristina,Ferrell,nrichardson@hotmail.com,Female,1117534009,India,
883,Cheryl,Long,qpope@hotmail.com,Male,001-292-210-6322x354,India,
884,Jennifer,Anderson,steven31@yahoo.com,Other,258-324-4938,Australia,
885,Christopher,Phillips,xluna@reed-nelson.com,Other,+1-617-036-1149x4766,Brazil,
886,Joseph,Parks,beththompson@acosta-blackwell.info,Other,678.529.0222x782,Germany,
887,Katrina,Garcia,robert71@crane.com,Female,767.000.6690x040,USA,
888,Cheryl,Moore,joseph87@mcgrath.com,Other,3749102629,India,
889,David,Carr,eallen@campbell.net,Other,065-531-6229x87654,Australia,
890,Jennifer,Smith,cody92@kelley-williams.com,Other,197.793.5223x98148,Japan,
891,Megan,Mccann,dylanrogers@yahoo.com,Female,001-927-629-1437,France,
892,Michael,Mills,katherine60@gmail.com,Male,+1-443-295-4909x5646,India,
893,Darren,Fischer,bellis@gonzalez.com,Female,001-709-906-6946x74448,Canada,
894,Kristina,Hale,lopezjacob@holden.com,Male,001-634-483-0200x5186,UK,
895,Isabel,Townsend,achavez@jarvis-green.com,Other,(014)882-5850x79935,Brazil,
896,Todd,Martin,danielle60@mendoza.com,Other,164.082.2268x240,Japan,
897,Julie,Smith,xmiller@williams.com,Other,182.139.6310x431,Brazil,
898,Maurice,Weber,carolyoung@hotmail.com,Other,394-133-0103x88379,Australia,
899,Kevin,Simmons,jamesjohns@gmail.com,Female,001-714-597-6594,Brazil,
900,Robert,Campos,cchristensen@donovan.com,Male,(238)855-6019x06638,Brazil,
901,Anthony,Caldwell,solisjordan@gmail.com,Male,(537)200-4459,China,
902,Amy,Frost,carla98@hotmail.com,Male,523-867-0972x44234,India,
903,Sabrina,Robinson,hendrixamy@hotmail.com,Other,722.014.1117x6820,Japan,
904,Angela,Salazar,nzamora@yahoo.com,Female,001-122-198-1395x20143,France,
905,Kelly,Chapman,torrestravis@yang.com,Other,001-703-999-9599x1239,Germany,
906,Robert,Robinson,patriciacarter@barber.com,Male,279-048-2935x8822,Canada,
907,Elizabeth,Clark,brandon40@hotmail.com,Other,(513)061-4648x40757,Canada,
908,Melissa,Hunter,djimenez@yahoo.com,Male,001-204-121-5338x9006,China,
909,Roger,Collins,cjones@tucker.biz,Female,001-027-802-0437,China,
910,Tina,Castaneda,john41@lucas-simpson.info,Female,6955550942,China,
911,Crystal,George,fnorris@short.com,Other,001-843-122-7649x718,China,
912,Daniel,Nguyen,carsonjohn@yahoo.com,Female,(353)958-4653x5030,Australia,
913,Hayley,Barker,jason34@yahoo.com,Other,439.155.5874x18574,India,
914,Susan,Mcguire,ahernandez@miller-ward.biz,Other,207-495-9024x85099,Australia,
915,Michael,Smith,wfrost@gmail.com,Male,001-789-644-9094x65164,China,
916,Chad,Thomas,christopherwest@gmail.com,Female,(759)814-0593x103,Australia,
917,Adam,Williams,lauraoliver@stevens.com,Male,645.341.7912,Germany,
918,Jessica,Munoz,bradlee@gmail.com,Male,(904)528-2891x151,USA,
919,Jamie,Anderson,angelalee@valencia.info,Other,(751)258-6670,Japan,
920,Michelle,Anderson,dspencer@yahoo.com,Female,968.670.4194x438,Japan,
921,Karla,Scott,istevens@yahoo.com,Other,001-082-039-5496x436,China,
922,Emily,Lowe,wardsteven@yahoo.com,Female,444.809.4463x72233,Australia,
923,Patrick,Jones,perezdawn@vargas.com,Female,001-100-047-5594x04294,USA,
924,Tammy,Andrews,stewartamanda@gmail.com,Female,538-027-4148,Japan,
925,Christine,Jones,bellronnie@lewis.biz,Other,(480)274-8414,India,
926,William,White,ncooper@yahoo.com,Female,-10519,Brazil,
927,David,Petersen,lewisjoel@smith-fischer.net,Other,001-891-976-4726x2116,Brazil,
928,Jacob,Roth,jennifer18@reed.biz,Female,7703045570,Australia,
929,Catherine,Evans,bryanwilliams@hotmail.com,Other,(403)910-1479,USA,
930,Paige,Ford,mark65@castro.com,Other,269-464-9379x2189,Japan,
931,Vanessa,Moore,vperry@todd-lee.com,Male,(261)366-2603x537,USA,
932,James,Manning,pknox@mcdonald-riley.biz,Other,121.255.2838x22757,Japan,
933,Mark,Mcfarland,jessicadavis@wood-munoz.com,Male,477-732-6916x7449,France,
934,Ashley,Hernandez,mitchellbell@bell.com,Other,(053)874-2083,Japan,
935,Laura,Bryant,patricia64@hotmail.com,Other,305.179.2145x08988,Canada,
936,Joseph,Garcia,jacksonjamie@yahoo.com,Female,382-800-0177x5502,Brazil,
937,James,Taylor,anthony08@yahoo.com,Male,164-342-7513x8235,Germany,
938,Philip,Gray,robertshailey@schmidt.com,Other,(968)391-7782,UK,
939,Brandon,Flowers,dennis07@burnett-stewart.biz,Female,640-877-3774,Australia,
940,Michael,Brown,vanessa85@oliver.com,Male,(523)258-8250x91692,UK,
941,Benjamin,Anderson,nmarsh@yahoo.com,Female,423-103-8235,UK,
942,Teresa,Ramos,ericbowers@moore-lopez.org,Male,001-136-785-3654x06927,UK,
943,Melinda,Smith,cruzamanda@yahoo.com,Male,(406)871-2582,USA,
944,Joshua,Foster,berrykaren@hotmail.com,Male,001-545-542-7035x789,India,
945,Wayne,Smith,sotorose@yahoo.com,Other,7271804298,Brazil,
946,Allen,Wells,tommycurtis@barton.com,Other,428-576-0804,Germany,
947,David,Hill,donnaoneal@gmail.com,Male,001-821-618-8591x687,Japan,
948,Samantha,Lin,brittany70@yahoo.com,Other,865-386-1666,Germany,
949,David,Blake,woodgabriel@gmail.com,Female,-9449,France,
950,Michelle,Sanchez,robert39@yahoo.com,Female,001-923-195-0638,France,
951,Jennifer,Howell,cheyennehuang@hotmail.com,Female,6744658041,USA,
952,Joel,Evans,fdavis@williams.com,Other,972-671-3583x55955,Brazil,
953,Rachel,Bradshaw,adammueller@hernandez.info,Female,+1-435-860-5750x38172,China,
954,Lisa,Gallagher,tlogan@webb.info,Other,917-457-9779x180,India,
955,Ronald,Allen,robertsmegan@gmail.com,Male,(909)832-6011x03695,Japan,
956,Tony,Young,samuelsmith@yahoo.com,Other,355.024.7469x96000,Germany,
957,Matthew,Herrera,carlsonjacob@hotmail.com,Other,812.596.9840x976,Canada,
958,Sarah,Hall,mooremichelle@buck-jones.com,Other,001-430-333-7484x439,UK,
959,Brian,Brown,fergusonpatricia@yahoo.com,Female,1497593007,India,
960,Joseph,Adams,lcastro@yahoo.com,Other,2161995698,France,
961,Cassidy,Poole,davidjenkins@gmail.com,Female,458.107.4347x88719,Australia,
962,Laurie,Kennedy,gregory86@jensen-curtis.com,Female,563.042.3244x3555,UK,
963,Courtney,Hartman,james04@hunter.com,Male,767-001-5334x45148,Canada,
964,Christine,Woods,twatts@harris.net,Male,+1-304-762-5428x3182,Germany,
965,Ronald,Mendez,larry67@yahoo.com,Female,773.042.4978x577,USA,
966,Monica,Simmons,bbrown@orozco.net,Other,(363)461-0316x62836,USA,
967,Emily,Griffin,brianblack@gmail.com,Other,+1-213-829-1173x65611,France,
968,Jesse,Dunn,vcooper@yahoo.com,Female,(616)403-1164x65151,Germany,
969,Todd,Frank,jamesdavis@hotmail.com,Female,001-549-485-8716x083,India,
970,Todd,Glover,ybutler@yahoo.com,Female,283.027.7726,USA,
971,Jean,Lee,peggywhite@owens-alvarado.com,Male,(034)364-0055x102,Brazil,
972,Jessica,Salazar,rhall@sheppard-andrade.com,Other,781-956-4306x0456,Germany,
973,Evelyn,Spencer,qwilliams@curtis.com,Other,8086612482,Australia,
974,Julie,Becker,nicole43@stanley.org,Male,868.147.4329x6111,Australia,
975,Richard,Cruz,fbyrd@hotmail.com,Other,(492)308-6517x548,Australia,
976,Caitlyn,Little,carla26@snyder.com,Other,(609)409-0365x51857,UK,
977,Scott,Davis,michael74@yahoo.com,Male,+1-836-795-0381x36408,Canada,
978,Kelsey,Hamilton,jeffrey88@buckley.com,Male,-2063,Japan,
979,Lori,Edwards,mccormickjacob@graham-lopez.com,Male,(379)661-5379,China,
980,Ashley,Taylor,katiegordon@chavez-navarro.com,Male,+1-306-718-4212x70570,Germany,
981,Theodore,Rodriguez,ajones@cooper.com,Male,719.324.9188x46480,France,
982,Cassandra,Salazar,iadams@powell.biz,Male,(510)856-6708x18092,Germany,
983,Heather,Young,rnichols@jones.com,Female,366565473,China,
984,Gary,Harrell,tracygarcia@perez.com,Female,6838783459,Germany,
985,Patricia,Long,amy80@gmail.com,Other,001-889-372-3843x135,Germany,
986,Christopher,Adams,johnsonjames@yahoo.com,Female,+1-471-426-3853x45059,Australia,
987,Kimberly,Hopkins,folson@berry.com,Other,104.879.1387x776,France,
988,Mikayla,Miller,rachel74@gmail.com,Male,819-455-9467,Brazil,
989,Steve,Sanchez,qedwards@gmail.com,Male,+1-456-796-2419x039,France,
990,Richard,Cruz,rebecca47@gmail.com,Male,084.517.1368x6205,Australia,
991,Melissa,Smith,toddtammy@carlson-brown.com,Female,001-209-734-8247x71886,Australia,
992,Cameron,Maxwell,fcastro@yahoo.com,Male,(689)733-3492,Brazil,
993,Shannon,Pennington,yellison@andrews-thomas.info,Female,001-276-197-5140x22375,France,
994,Daniel,Kerr,kristin94@hotmail.com,Other,001-754-647-4610x997,Australia,
995,Justin,Faulkner,richardbullock@gmail.com,Other,734-991-4297x389,Australia,
996,Corey,Wade,huffamy@singleton.com,Other,760.685.4275,Japan,
997,Brandon,Garza,snowanthony@macdonald-spencer.com,Other,683.905.5878x707,Australia,
998,Matthew,Arnold,gbrady@gmail.com,Other,001-174-264-6011x69984,China,
999,Michele,Williams,sullivandavid@johnson.com,Male,001-499-037-5590x68401,Japan,
1000,Daniel,Reynolds,henryalicia@hall.com,Female,+1-083-674-1584x09483,Brazil,
